{"options":{"check_for_updates":true,"comment":null,"compat_foreach":false,"compat_metadata":false,"compat_powerful_this":null,"compat_wrappedjsobject":false,"compatopts_for_requires":true,"noframes":null,"override":{"merge_connects":true,"merge_excludes":true,"merge_includes":true,"merge_matches":true,"orig_connects":[],"orig_excludes":["https://atcoder.jp/*/json"],"orig_includes":[],"orig_matches":["https://atcoder.jp/*"],"orig_noframes":null,"orig_run_at":"document-idle","use_blockers":[],"use_connects":[],"use_excludes":[],"use_includes":[],"use_matches":[]},"run_at":null,"sandbox":null,"tab_types":null,"unwrap":null},"settings":{"enabled":true,"position":4},"meta":{"name":"ac-predictor","uuid":"84c6ea53-65b0-47f2-97f2-026c756d4543","modified":1687253137137,"file_url":"https://greasyfork.org/scripts/369954-ac-predictor/code/ac-predictor.user.js"}}