{"options":{"check_for_updates":true,"comment":null,"compat_foreach":false,"compat_metadata":false,"compat_powerful_this":null,"compat_wrappedjsobject":false,"compatopts_for_requires":true,"noframes":null,"override":{"merge_connects":true,"merge_excludes":true,"merge_includes":true,"merge_matches":true,"orig_connects":[],"orig_excludes":["https://atcoder.jp/contests/*/submissions/me"],"orig_includes":[],"orig_matches":["https://atcoder.jp/contests/*/submissions/*"],"orig_noframes":null,"orig_run_at":"document-idle","use_blockers":[],"use_connects":[],"use_excludes":[],"use_includes":[],"use_matches":[]},"run_at":null,"sandbox":null,"tab_types":null,"unwrap":null},"settings":{"enabled":true,"position":6},"meta":{"name":"AtCoder Submission Status","uuid":"cd254cd5-d18d-4b45-b69f-9d88866a61f2","modified":1687253143254,"file_url":"https://greasyfork.org/scripts/383817-atcoder-submission-status/code/AtCoder%20Submission%20Status.user.js"}}