{"options":{"check_for_updates":true,"comment":null,"compat_foreach":false,"compat_metadata":false,"compat_powerful_this":null,"compat_wrappedjsobject":false,"compatopts_for_requires":true,"noframes":null,"override":{"merge_connects":true,"merge_excludes":true,"merge_includes":true,"merge_matches":true,"orig_connects":[],"orig_excludes":["https://atcoder.jp/contests/"],"orig_includes":[],"orig_matches":["https://atcoder.jp/contests/*","https://atcoder.jp/settings"],"orig_noframes":null,"orig_run_at":"document-idle","use_blockers":[],"use_connects":[],"use_excludes":[],"use_includes":[],"use_matches":[]},"run_at":null,"sandbox":null,"tab_types":null,"unwrap":null},"settings":{"enabled":true,"position":3},"meta":{"name":"atcoder-difficulty-display","uuid":"1c89ed04-a21e-4e15-a3d8-bea7ba83ddf7","modified":1687253132787,"file_url":"https://greasyfork.org/scripts/397185-atcoder-difficulty-display/code/atcoder-difficulty-display.user.js"}}