{"options":{"check_for_updates":true,"comment":null,"compat_foreach":false,"compat_metadata":false,"compat_powerful_this":null,"compat_wrappedjsobject":false,"compatopts_for_requires":true,"noframes":null,"override":{"merge_connects":true,"merge_excludes":true,"merge_includes":true,"merge_matches":true,"orig_connects":[],"orig_excludes":[],"orig_includes":[],"orig_matches":["https://atcoder.jp/contests/*/submissions/me*"],"orig_noframes":null,"orig_run_at":"document-idle","use_blockers":[],"use_connects":[],"use_excludes":[],"use_includes":[],"use_matches":[]},"run_at":null,"sandbox":null,"tab_types":null,"unwrap":null},"settings":{"enabled":true,"position":1},"meta":{"name":"AtCoderJudgeStatusNotifier","uuid":"e91e47b6-c618-4a8c-8b07-f8f6179d3c2d","modified":1687253121618,"file_url":"https://greasyfork.org/scripts/418589-atcoderjudgestatusnotifier/code/AtCoderJudgeStatusNotifier.user.js"}}