{"options":{"check_for_updates":true,"comment":null,"compat_foreach":false,"compat_metadata":false,"compat_powerful_this":null,"compat_wrappedjsobject":false,"compatopts_for_requires":true,"noframes":null,"override":{"merge_connects":true,"merge_excludes":true,"merge_includes":true,"merge_matches":true,"orig_connects":[],"orig_excludes":[],"orig_includes":[],"orig_matches":["https://atcoder.jp/contests/*/submissions/*"],"orig_noframes":null,"orig_run_at":"document-idle","use_blockers":[],"use_connects":[],"use_excludes":[],"use_includes":[],"use_matches":[]},"run_at":null,"sandbox":null,"tab_types":null,"unwrap":null},"settings":{"enabled":true,"position":7},"meta":{"name":"AtCoder TestCase Extension","uuid":"c5a0d1ca-72d4-4316-b70b-7fcecfb28d5c","modified":1687253146256,"file_url":"https://greasyfork.org/scripts/371832-atcoder-testcase-extension/code/AtCoder%20TestCase%20Extension.user.js"}}