{"options":{"check_for_updates":true,"comment":null,"compat_foreach":false,"compat_metadata":false,"compat_powerful_this":null,"compat_wrappedjsobject":false,"compatopts_for_requires":true,"noframes":null,"override":{"merge_connects":true,"merge_excludes":true,"merge_includes":true,"merge_matches":true,"orig_connects":["www2.deepl.com","m.youdao.com","translate.google.com","openai.api2d.net","api.openai.com","www.luogu.com.cn","greasyfork.org","*"],"orig_excludes":[],"orig_includes":[],"orig_matches":["https://atcoder.jp/*"],"orig_noframes":null,"orig_run_at":"document-idle","use_blockers":[],"use_connects":[],"use_excludes":[],"use_includes":[],"use_matches":[]},"run_at":null,"sandbox":null,"tab_types":null,"unwrap":null},"settings":{"enabled":true,"position":17},"meta":{"name":"Atcoder Better!","uuid":"cd9f248c-c9c5-4ccd-834b-2e968244f26b","modified":1692167836927,"file_url":"https://greasyfork.org/scripts/471106/code/script.user.js"}}