{"options":{"check_for_updates":true,"comment":null,"compat_foreach":false,"compat_metadata":false,"compat_powerful_this":null,"compat_wrappedjsobject":false,"compatopts_for_requires":true,"noframes":null,"override":{"merge_connects":true,"merge_excludes":true,"merge_includes":true,"merge_matches":true,"orig_connects":[],"orig_excludes":[],"orig_includes":[],"orig_matches":["https://www.luogu.com.cn/*"],"orig_noframes":null,"orig_run_at":"document-idle","use_blockers":[],"use_connects":[],"use_excludes":[],"use_includes":[],"use_matches":[]},"run_at":null,"sandbox":null,"tab_types":null,"unwrap":null},"settings":{"enabled":true,"position":10},"meta":{"name":"一键获取luogu blog源代码","uuid":"23e17b5c-07c7-413f-ad91-acab523b7791","modified":1687782061863,"file_url":"https://greasyfork.org/scripts/469453-%E4%B8%80%E9%94%AE%E8%8E%B7%E5%8F%96luogu-blog%E6%BA%90%E4%BB%A3%E7%A0%81/code/%E4%B8%80%E9%94%AE%E8%8E%B7%E5%8F%96luogu%20blog%E6%BA%90%E4%BB%A3%E7%A0%81.user.js"}}