{"options":{"check_for_updates":true,"comment":null,"compat_foreach":false,"compat_metadata":false,"compat_powerful_this":null,"compat_wrappedjsobject":false,"compatopts_for_requires":true,"noframes":null,"override":{"merge_connects":true,"merge_excludes":true,"merge_includes":true,"merge_matches":true,"orig_connects":[],"orig_excludes":[],"orig_includes":[],"orig_matches":["https://www.luogu.com.cn/user/*"],"orig_noframes":null,"orig_run_at":"document-idle","use_blockers":[],"use_connects":[],"use_excludes":[],"use_includes":[],"use_matches":[]},"run_at":null,"sandbox":null,"tab_types":null,"unwrap":null},"settings":{"enabled":true,"position":11},"meta":{"name":"主页源代码获取","uuid":"25d73fc6-7586-428d-a461-9d5f801cbb74","modified":1687782216440,"file_url":"https://greasyfork.org/scripts/469489-%E4%B8%BB%E9%A1%B5%E6%BA%90%E4%BB%A3%E7%A0%81%E8%8E%B7%E5%8F%96/code/%E4%B8%BB%E9%A1%B5%E6%BA%90%E4%BB%A3%E7%A0%81%E8%8E%B7%E5%8F%96.user.js"}}