{"options":{"check_for_updates":true,"comment":null,"compatopts_for_requires":true,"compat_wrappedjsobject":false,"compat_metadata":false,"compat_foreach":false,"compat_powerful_this":null,"sandbox":null,"noframes":null,"unwrap":null,"run_at":null,"tab_types":null,"override":{"use_includes":[],"orig_includes":["/^((?!blog).)*https://www.luogu.org((?!blog).)*$/","/^((?!blog).)*http://www.luogu.org((?!blog).)*$/","/^((?!blog).)*https://www2.luogu.org((?!blog).)*$/","/^((?!blog).)*http://www2.luogu.org((?!blog).)*$/","/^((?!blog).)*https://www.luogu.com.cn((?!blog).)*$/","/^((?!blog).)*http://www.luogu.com.cn((?!blog).)*$/","/^((?!blog).)*https://www.luogu.org((?!blog).)*$/","/^((?!blog).)*http://www.luogu.org((?!blog).)*$/","/^((?!blog).)*https://www2.luogu.org((?!blog).)*$/","/^((?!blog).)*http://www2.luogu.org((?!blog).)*$/","/^((?!blog).)*https://www.luogu.com.cn((?!blog).)*$/","/^((?!blog).)*http://www.luogu.com.cn((?!blog).)*$/"],"merge_includes":true,"use_matches":[],"orig_matches":[],"merge_matches":true,"use_excludes":[],"orig_excludes":[],"merge_excludes":true,"use_connects":[],"orig_connects":[],"merge_connects":true,"use_blockers":[],"orig_run_at":"document-start","orig_noframes":null}},"settings":{"enabled":true,"position":18},"meta":{"name":"氩洛谷 - 洛谷 Argon Design - Luogu Argon Design","uuid":"9b009d62-0739-451e-a0c7-d0199f018ef2","modified":1692175463221,"file_url":"https://userstyles.org/styles/userjs/166554/argon-design-luogu-argon-design.user.js"}}