{"options":{"check_for_updates":true,"comment":null,"compat_foreach":false,"compat_metadata":false,"compat_powerful_this":null,"compat_wrappedjsobject":false,"compatopts_for_requires":true,"noframes":null,"override":{"merge_connects":true,"merge_excludes":true,"merge_includes":true,"merge_matches":true,"orig_connects":[],"orig_excludes":[],"orig_includes":[],"orig_matches":["*://www.luogu.com.cn/","*://www.luogu.com.cn/"],"orig_noframes":null,"orig_run_at":"document-idle","use_blockers":[],"use_connects":[],"use_excludes":[],"use_includes":[],"use_matches":[]},"run_at":null,"sandbox":null,"tab_types":null,"unwrap":null},"settings":{"enabled":true,"position":12},"meta":{"name":"洛谷按难度随机跳题","uuid":"66f22f89-161d-4059-874f-dbe96b89d369","modified":1687782239840,"file_url":"https://greasyfork.org/scripts/390181-%E6%B4%9B%E8%B0%B7%E6%8C%89%E9%9A%BE%E5%BA%A6%E9%9A%8F%E6%9C%BA%E8%B7%B3%E9%A2%98/code/%E6%B4%9B%E8%B0%B7%E6%8C%89%E9%9A%BE%E5%BA%A6%E9%9A%8F%E6%9C%BA%E8%B7%B3%E9%A2%98.user.js"}}