{"options":{"check_for_updates":false,"comment":null,"compatopts_for_requires":true,"compat_wrappedjsobject":false,"compat_metadata":false,"compat_foreach":false,"compat_powerful_this":null,"sandbox":null,"noframes":null,"unwrap":null,"run_at":null,"tab_types":null,"override":{"merge_connects":true,"merge_excludes":true,"merge_includes":true,"merge_matches":true,"orig_connects":[],"orig_excludes":[],"orig_includes":[],"orig_matches":["https://*.luogu.com.cn/*"],"orig_noframes":null,"orig_run_at":"document-idle","use_blockers":[],"use_connects":[],"use_excludes":[],"use_includes":[],"use_matches":[]}},"settings":{"enabled":true,"position":14},"meta":{"name":"洛谷签到转换器","uuid":"931968ae-6d50-4070-ba61-7319cdc0ff2a","modified":1692174855880,"file_url":"https://greasyfork.org/scripts/435660-%E6%B4%9B%E8%B0%B7%E7%AD%BE%E5%88%B0%E8%BD%AC%E6%8D%A2%E5%99%A8/code/%E6%B4%9B%E8%B0%B7%E7%AD%BE%E5%88%B0%E8%BD%AC%E6%8D%A2%E5%99%A8.user.js"}}