{"options":{"check_for_updates":true,"comment":null,"compat_foreach":false,"compat_metadata":false,"compat_powerful_this":null,"compat_wrappedjsobject":false,"compatopts_for_requires":true,"noframes":null,"override":{"merge_connects":true,"merge_excludes":true,"merge_includes":true,"merge_matches":true,"orig_connects":[],"orig_excludes":[],"orig_includes":[],"orig_matches":["https://www.luogu.com.cn/auth/unlock"],"orig_noframes":null,"orig_run_at":"document-idle","use_blockers":[],"use_connects":[],"use_excludes":[],"use_includes":[],"use_matches":[]},"run_at":null,"sandbox":null,"tab_types":null,"unwrap":null},"settings":{"enabled":true,"position":16},"meta":{"name":"洛谷显示两步验证码","uuid":"5f80c3f8-b483-45ef-9c18-35595054de1a","modified":1687782402498,"file_url":"https://greasyfork.org/scripts/448711-%E6%B4%9B%E8%B0%B7%E6%98%BE%E7%A4%BA%E4%B8%A4%E6%AD%A5%E9%AA%8C%E8%AF%81%E7%A0%81/code/%E6%B4%9B%E8%B0%B7%E6%98%BE%E7%A4%BA%E4%B8%A4%E6%AD%A5%E9%AA%8C%E8%AF%81%E7%A0%81.user.js"}}