{"options":{"check_for_updates":true,"comment":null,"compat_foreach":false,"compat_metadata":false,"compat_powerful_this":null,"compat_wrappedjsobject":false,"compatopts_for_requires":true,"noframes":null,"override":{"merge_connects":true,"merge_excludes":true,"merge_includes":true,"merge_matches":true,"orig_connects":[],"orig_excludes":[],"orig_includes":[],"orig_matches":["*://www.luogu.com.cn/","*://www.luogu.com.cn/"],"orig_noframes":null,"orig_run_at":"document-idle","use_blockers":[],"use_connects":[],"use_excludes":[],"use_includes":[],"use_matches":[]},"run_at":null,"sandbox":null,"tab_types":null,"unwrap":null},"settings":{"enabled":true,"position":13},"meta":{"name":"洛谷用户查找","uuid":"d89f3ad2-edbf-4e07-b4a8-b0082194665d","modified":1687782246763,"file_url":"https://greasyfork.org/scripts/390170-%E6%B4%9B%E8%B0%B7%E7%94%A8%E6%88%B7%E6%9F%A5%E6%89%BE/code/%E6%B4%9B%E8%B0%B7%E7%94%A8%E6%88%B7%E6%9F%A5%E6%89%BE.user.js"}}