{"options":{"check_for_updates":true,"comment":null,"compat_foreach":false,"compat_metadata":false,"compat_powerful_this":null,"compat_wrappedjsobject":false,"compatopts_for_requires":true,"noframes":null,"override":{"merge_connects":true,"merge_excludes":true,"merge_includes":true,"merge_matches":true,"orig_connects":[],"orig_excludes":[],"orig_includes":[],"orig_matches":["https://www.luogu.com.cn/"],"orig_noframes":null,"orig_run_at":"document-idle","use_blockers":[],"use_connects":[],"use_excludes":[],"use_includes":[],"use_matches":[]},"run_at":null,"sandbox":null,"tab_types":null,"unwrap":null},"settings":{"enabled":true,"position":15},"meta":{"name":"犇犇非对称加密插件","uuid":"9ad58966-9389-4f93-bd35-59ff2ee7220e","modified":1687782380841,"file_url":"https://greasyfork.org/scripts/459361-%E7%8A%87%E7%8A%87%E9%9D%9E%E5%AF%B9%E7%A7%B0%E5%8A%A0%E5%AF%86%E6%8F%92%E4%BB%B6/code/%E7%8A%87%E7%8A%87%E9%9D%9E%E5%AF%B9%E7%A7%B0%E5%8A%A0%E5%AF%86%E6%8F%92%E4%BB%B6.user.js"}}